{"cameraMode":{"drawMode":0,"name":"Shaded","section":"Shading Mode"},"sceneLighting":false,"audioPlay":false,"sceneViewState":{"m_AlwaysRefresh":false,"showFog":true,"showSkybox":true,"showFlares":true,"showImageEffects":true,"showParticleSystems":true,"showVisualEffectGraphs":true,"m_FxEnabled":true},"in2DMode":false,"pivot":{"x":1.8011808395385743,"y":-197.7541961669922,"z":258.9785461425781},"rotation":{"x":0.3018048107624054,"y":-0.014571240171790123,"z":0.0046643842943012718,"w":0.9532948732376099},"size":202.1251678466797,"orthographic":false}